F,r,e,e, ,A,n,t,i,b,o,d,y,:,C,o,m,p,l,e,x,e,d, ,A,n,t,i,b,o,d,y
1,5,C,8,_,1,:,2,5,C,8,_,1,",",3,5,C,8,_,1
1,A,6,U,_,1,:,1,A,6,V,_,1,",",1,A,6,V,_,2,",",1,A,6,V,_,3,",",1,A,6,W,_,1
1,F,G,N,_,1,:,1,A,H,W,_,1,",",1,A,H,W,_,2
2,R,C,S,_,1,:,1,A,J,7,_,1
1,B,B,D,_,1,:,1,A,3,R,_,1
1,B,E,Y,_,1,:,1,C,E,1,_,1
1,A,Y,1,_,1,:,1,B,G,X,_,1
1,B,V,L,_,1,",",1,B,V,L,_,2,:,1,B,V,K,_,1,",",1,B,V,K,_,2
1,C,5,B,_,1,:,1,C,5,C,_,1
1,N,B,V,_,1,:,1,C,B,V,_,1
1,H,Q,4,_,1,",",1,H,Q,4,_,2,:,1,C,F,8,_,1
1,C,F,Q,_,1,:,1,B,O,G,_,1,",",1,C,F,N,_,1,",",1,C,F,S,_,1,",",1,C,F,T,_,1,",",1,H,H,6,_,1,",",1,H,H,9,_,1,",",1,H,I,6,_,1
1,C,G,S,_,1,:,1,Y,N,K,_,1,",",2,C,G,R,_,1
1,C,K,0,_,1,:,2,C,K,0,_,1,",",3,C,K,0,_,1
1,C,R,9,_,1,:,1,C,U,4,_,1
1,D,5,I,_,1,:,1,D,6,V,_,1
1,D,B,A,_,1,:,1,D,B,B,_,1,",",1,D,B,J,_,1,",",1,D,B,K,_,1,",",1,D,B,M,_,1,",",2,D,B,L,_,1
1,D,Q,M,_,1,",",1,D,Q,Q,_,1,",",1,D,Q,Q,_,2,:,1,D,Q,J,_,1,",",1,N,B,Y,_,1,",",1,N,B,Z,_,1
1,E,6,O,_,1,:,1,E,6,J,_,1
1,F,4,W,_,1,:,1,F,4,X,_,1,",",1,F,4,Y,_,1
1,F,8,T,_,1,",",1,S,5,I,_,1,:,1,F,9,0,_,1
1,F,L,5,_,1,",",1,F,L,5,_,2,:,1,F,L,6,_,1,",",1,F,L,6,_,2
1,H,K,L,_,1,:,1,G,A,F,_,1
1,H,Z,H,_,1,",",1,H,Z,H,_,2,:,1,N,0,X,_,1,",",1,N,0,X,_,2,",",2,N,Y,7,_,1,",",3,R,U,8,_,1
1,I,9,I,_,1,:,1,I,9,J,_,1
1,H,I,L,_,1,",",1,H,I,L,_,2,:,1,H,I,M,_,1,",",1,H,I,M,_,2,",",1,H,I,N,_,1,",",1,I,F,H,_,1
1,I,G,F,_,1,",",1,I,G,F,_,2,:,2,I,G,F,_,1
1,I,G,I,_,1,:,1,I,G,J,_,1,",",1,I,G,J,_,2
1,J,G,V,_,1,:,1,J,G,U,_,1
1,J,N,6,_,1,:,1,J,N,H,_,1,",",1,J,N,H,_,2,",",1,J,N,H,_,3,",",1,J,N,H,_,4
1,J,N,L,_,1,:,1,J,N,N,_,1
1,J,P,T,_,1,:,1,J,P,S,_,1,",",1,P,G,7,_,2,",",1,P,G,7,_,3
1,K,C,U,_,1,:,1,K,C,5,_,1
1,K,C,V,_,1,:,1,K,C,S,_,1
1,K,E,M,_,1,:,1,K,E,L,_,1
1,M,7,1,_,1,:,1,M,7,D,_,1,",",1,M,7,I,_,1,",",1,P,Z,5,_,1
1,M,7,1,_,1,:,1,M,7,D,_,1,",",1,M,7,I,_,1,",",1,P,Z,5,_,1
1,M,F,2,_,1,",",1,M,F,2,_,2,:,2,H,R,P,_,1,",",2,H,R,P,_,2
1,M,L,B,_,1,:,1,M,L,C,_,1,",",1,M,L,C,_,2
1,M,N,U,_,1,:,1,M,P,A,_,1,",",2,M,P,A,_,1
1,M,H,H,_,1,",",1,M,H,H,_,2,",",1,N,L,B,_,1,",",1,Y,M,H,_,1,",",1,Y,M,H,_,2,:,1,M,R,D,_,1,",",1,M,R,E,_,1,",",1,M,R,F,_,1,",",1,N,6,4,_,1,",",1,X,C,Q,_,1,",",1,X,C,Q,_,2,",",1,X,C,Q,_,3,",",1,X,C,Q,_,4,",",1,X,C,T,_,1,",",1,X,C,T,_,2,",",1,X,F,5,_,1,",",1,X,F,5,_,2
1,N,G,Z,_,1,:,1,N,7,M,_,1,",",1,N,G,X,_,1,",",1,N,G,X,_,2
1,F,V,C,_,1,",",1,F,V,C,_,2,",",4,H,K,Z,_,1,",",4,U,B,0,_,1,:,1,N,8,Z,_,1
1,N,G,Q,_,1,:,1,N,G,P,_,1
1,O,A,Q,_,1,:,1,O,A,R,_,1,",",1,O,A,R,_,2,",",1,O,A,U,_,1,",",1,O,A,U,_,2,",",1,O,A,Z,_,1,",",1,O,A,Z,_,2
1,O,A,Q,_,1,:,1,O,A,X,_,1,",",1,O,A,X,_,2,",",1,O,A,X,_,3,",",1,O,A,Y,_,1,",",1,O,A,Y,_,2,",",1,O,A,R,_,1,",",1,O,A,R,_,2,",",1,O,A,U,_,1,",",1,O,A,U,_,2,",",1,O,A,Z,_,1,",",1,O,A,Z,_,2
1,O,M,3,_,1,",",1,O,M,3,_,2,",",1,Z,L,W,_,1,:,1,O,P,3,_,1,",",1,O,P,3,_,2,",",1,O,P,5,_,1,",",1,O,P,5,_,2,",",1,Z,L,S,_,1,",",1,Z,L,U,_,1,",",1,Z,L,U,_,2,",",1,Z,L,V,_,2,",",1,Z,L,W,_,2,",",2,O,Q,J,_,1,",",2,O,Q,J,_,2,",",2,O,Q,J,_,3,",",2,O,Q,J,_,4,",",3,O,A,Y,_,1,",",3,O,A,Y,_,2,",",3,O,A,Z,_,1,",",3,O,A,Z,_,2,",",3,O,B,0,_,1,",",3,O,B,0,_,2,",",4,R,B,P,_,1,",",4,R,B,P,_,2
1,P,G,7,_,1,:,1,P,G,7,_,4
1,Q,9,K,_,1,",",1,Q,9,L,_,1,",",1,Q,9,L,_,2,:,2,R,1,W,_,1,",",2,R,1,X,_,1,",",2,R,1,Y,_,1,",",2,R,2,3,_,1,",",2,R,2,B,_,1,",",2,R,2,E,_,1,",",2,R,2,H,_,1,",",3,B,P,C,_,1,",",3,S,Y,0,_,1,",",3,T,4,Y,_,1,",",3,T,6,5,_,1,",",3,T,7,7,_,1
1,Q,9,O,_,1,",",1,Q,9,O,_,2,:,1,Q,9,W,_,1,",",1,Q,9,W,_,2
1,Q,B,L,_,1,",",1,Q,B,M,_,1,:,1,W,E,J,_,1
1,R,F,D,_,1,:,1,Q,7,2,_,1,",",1,Q,Y,G,_,1,",",1,R,I,U,_,1,",",1,R,I,V,_,1
1,F,O,R,_,1,:,1,R,V,F,_,1
1,R,Z,8,_,1,",",1,R,Z,8,_,2,:,1,R,Z,J,_,1,",",1,R,Z,K,_,1,",",1,Y,Y,L,_,1,",",1,Y,Y,L,_,2,",",1,Y,Y,M,_,1,",",1,Y,Y,M,_,2,",",2,I,5,Y,_,1,",",2,I,5,Y,_,2,",",2,I,6,0,_,1,",",2,I,6,0,_,2,",",2,N,X,Y,_,1,",",2,N,X,Z,_,1,",",2,N,Y,0,_,1,",",2,N,Y,1,_,1,",",2,N,Y,2,_,1,",",2,N,Y,3,_,1,",",2,N,Y,4,_,1,",",2,N,Y,5,_,1,",",2,N,Y,6,_,1,",",4,J,M,2,_,1,",",4,R,Q,S,_,1,",",5,A,7,X,_,1,",",5,A,7,X,_,2,",",5,A,7,X,_,3,",",5,A,8,H,_,1,",",5,A,8,H,_,2,",",5,A,8,H,_,3
1,L,7,I,_,1,:,1,S,7,8,_,1,",",1,S,7,8,_,2
1,U,C,B,_,1,:,1,T,E,T,_,1,",",1,Z,E,A,_,1,",",1,C,L,Y,_,1
1,U,M,6,_,1,:,1,U,M,4,_,1,",",1,U,M,5,_,1
1,U,Z,6,_,1,",",1,U,Z,6,_,2,",",1,U,Z,6,_,3,",",1,U,Z,6,_,4,:,1,U,Z,8,_,1,",",1,U,Z,8,_,2
2,Z,K,H,_,1,:,1,V,7,M,_,1,",",1,V,7,M,_,2,",",1,V,7,N,_,1,",",1,V,7,N,_,2,",",1,V,7,N,_,3,",",1,V,7,N,_,4
1,V,F,A,_,1,:,1,A,2,Y,_,1,",",1,D,V,F,_,2,",",1,V,F,B,_,1
1,L,7,T,_,1,:,1,V,P,O,_,1
1,X,F,2,_,1,",",1,X,F,3,_,1,",",1,X,F,3,_,2,",",1,X,F,4,_,1,",",1,X,F,4,_,2,:,1,I,8,M,_,1,",",1,I,8,M,_,2,",",1,P,7,K,_,1,",",1,P,7,K,_,2,",",1,X,F,2,_,2,",",2,F,R,4,_,1,",",2,F,R,4,_,2
1,Y,E,H,_,1,:,1,Y,E,C,_,1,",",1,Y,E,F,_,1,",",1,Y,E,G,_,1
1,Y,Y,8,_,1,",",1,Y,Y,8,_,2,",",4,G,W,1,_,1,",",4,G,W,1,_,2,",",4,G,W,5,_,1,",",4,G,W,5,_,2,",",5,E,S,Q,_,1,",",5,E,S,Q,_,2,",",5,E,T,U,_,1,",",5,E,T,U,_,2,",",5,E,U,K,_,1,",",5,E,U,K,_,2,",",5,F,8,8,_,1,",",5,F,8,8,_,2,",",5,F,F,6,_,1,",",5,F,F,6,_,2,",",5,H,P,M,_,1,",",5,H,P,M,_,2,",",5,H,Y,Q,_,1,",",5,H,Y,Q,_,2,",",5,I,2,I,_,1,",",5,I,2,I,_,2,",",5,I,7,6,_,1,",",5,I,7,6,_,2,",",5,I,C,X,_,1,",",5,I,C,X,_,2,",",5,I,C,Y,_,1,",",5,I,C,Y,_,2,",",5,I,C,Z,_,1,",",5,I,C,Z,_,2,",",5,I,D,0,_,1,",",5,I,D,0,_,2,",",5,I,D,1,_,1,",",5,I,D,1,_,2,",",5,I,O,P,_,1,",",5,I,O,P,_,2,",",5,I,R,1,_,1,",",5,I,R,1,_,2,",",5,I,T,F,_,1,",",5,I,T,F,_,2,",",5,I,V,2,_,1,",",5,I,V,2,_,2,",",5,I,V,Z,_,1,",",5,I,V,Z,_,2,",",5,T,1,K,_,1,",",5,T,1,K,_,2,",",5,T,1,L,_,1,",",5,T,1,L,_,2,",",5,T,1,M,_,1,",",5,T,1,M,_,2,",",5,T,H,2,_,1,",",5,T,H,2,_,2,:,1,Y,Y,9,_,1,",",4,K,R,O,_,1,",",4,K,R,P,_,1
2,A,6,D,_,1,",",2,A,6,J,_,1,",",2,A,6,J,_,2,",",2,A,6,K,_,1,:,2,A,6,D,_,2,",",2,A,6,I,_,1,",",2,A,6,K,_,2
2,A,D,G,_,1,",",2,A,D,J,_,1,:,2,A,D,I,_,1
2,A,J,U,_,1,:,2,A,J,S,_,1,",",2,A,J,V,_,1,",",2,A,J,X,_,1,",",2,A,J,Y,_,1,",",2,A,J,Z,_,1,",",2,A,J,Z,_,2,",",2,A,K,1,_,1
1,A,P,2,_,1,",",1,A,P,2,_,2,:,2,A,P,2,_,1,",",2,A,P,2,_,2
1,R,H,H,_,1,",",1,R,H,H,_,2,:,2,B,4,C,_,1
2,C,1,O,_,1,",",2,C,1,O,_,2,:,2,C,1,P,_,1,",",2,C,1,P,_,2
2,G,7,5,_,1,",",2,G,7,5,_,2,:,2,D,D,8,_,1
2,E,H,7,_,1,:,2,E,H,8,_,1
1,R,7,0,_,1,",",1,R,7,0,_,2,",",1,V,G,E,_,1,",",2,E,S,G,_,1,",",2,E,S,G,_,2,",",2,Q,T,J,_,1,",",2,Q,T,J,_,2,",",2,Q,T,J,_,3,",",2,Q,T,J,_,4,",",3,C,H,N,_,1,",",3,C,H,N,_,2,",",3,C,H,N,_,3,",",3,C,H,N,_,4,",",3,C,M,9,_,1,",",3,C,M,9,_,2,",",3,C,M,9,_,3,",",3,C,M,9,_,4,",",2,F,A,T,_,1,:,2,F,D,6,_,1,",",3,B,T,2,_,1
2,F,J,F,_,1,",",2,F,J,F,_,1,0,",",2,F,J,F,_,1,1,",",2,F,J,F,_,1,2,",",2,F,J,F,_,2,",",2,F,J,F,_,3,",",2,F,J,F,_,4,",",2,F,J,F,_,5,",",2,F,J,F,_,6,",",2,F,J,F,_,7,",",2,F,J,F,_,8,",",2,F,J,F,_,9,:,2,F,J,G,_,1,",",2,F,J,G,_,2
2,G,S,G,_,1,",",2,G,S,G,_,2,:,2,O,T,U,_,1,",",2,O,T,U,_,2,",",2,O,T,U,_,3,",",2,O,T,U,_,4,",",2,O,T,W,_,1,",",2,O,T,W,_,2
2,H,K,H,_,1,:,2,H,K,F,_,1
2,J,I,X,_,1,:,2,J,I,X,_,2,",",2,J,I,X,_,3
1,M,C,P,_,1,:,2,M,C,P,_,1
2,O,P,4,_,1,:,2,N,T,F,_,1,",",2,N,T,F,_,2
2,O,J,Z,_,1,",",2,O,J,Z,_,2,:,2,O,K,0,_,1
1,O,M,3,_,1,",",1,O,M,3,_,2,",",1,Z,L,W,_,1,:,1,O,P,3,_,1,",",1,O,P,3,_,2,",",1,O,P,5,_,1,",",1,O,P,5,_,2,",",1,Z,L,S,_,1,",",1,Z,L,U,_,1,",",1,Z,L,U,_,2,",",1,Z,L,V,_,2,",",1,Z,L,W,_,2,",",2,O,Q,J,_,1,",",2,O,Q,J,_,2,",",2,O,Q,J,_,3,",",2,O,Q,J,_,4,",",3,O,A,Y,_,1,",",3,O,A,Y,_,2,",",3,O,A,Z,_,1,",",3,O,A,Z,_,2,",",3,O,B,0,_,1,",",3,O,B,0,_,2,",",4,R,B,P,_,1,",",4,R,B,P,_,2
4,K,A,Q,_,1,:,2,O,S,L,_,1,",",2,O,S,L,_,2
2,R,6,P,_,1,",",2,R,6,P,_,2,:,2,R,2,9,_,1
1,G,I,G,_,1,:,2,V,I,R,_,1,",",2,V,I,S,_,1,",",2,V,I,T,_,1
2,V,Q,1,_,1,:,2,V,Q,1,_,2
2,V,X,U,_,1,",",2,V,X,U,_,2,:,2,V,X,T,_,1
2,W,6,0,_,1,:,2,W,6,5,_,1,",",2,W,6,5,_,2
2,W,9,D,_,1,:,2,W,9,E,_,1
2,V,L,5,_,1,",",2,V,L,5,_,2,:,2,Y,5,T,_,1
2,Z,9,1,_,1,",",2,Z,9,1,_,2,:,2,Z,9,2,_,1,",",2,Z,9,3,_,1
3,B,K,C,_,1,",",3,B,K,M,_,1,:,3,B,A,E,_,1,",",3,B,K,J,_,1
3,C,5,S,_,1,:,3,B,Z,4,_,1,",",3,B,Z,4,_,2,",",3,B,Z,4,_,3,",",3,B,Z,4,_,4,",",3,C,6,S,_,1,",",3,C,6,S,_,2,",",3,C,6,S,_,3,",",3,C,6,S,_,4,",",3,G,G,W,_,1,",",3,G,G,W,_,2
3,C,5,S,_,1,:,3,B,Z,4,_,1,",",3,B,Z,4,_,2,",",3,B,Z,4,_,3,",",3,B,Z,4,_,4,",",3,C,6,S,_,1,",",3,C,6,S,_,2,",",3,C,6,S,_,3,",",3,C,6,S,_,4,",",3,G,G,W,_,1,",",3,G,G,W,_,2
3,C,F,C,_,1,:,3,C,F,B,_,1,",",3,C,F,B,_,2
3,C,F,E,_,1,",",3,C,F,E,_,2,:,3,C,F,D,_,1,",",3,C,F,D,_,2
3,C,F,J,_,1,",",3,C,F,J,_,2,",",3,C,F,J,_,3,",",3,C,F,J,_,4,",",3,C,F,K,_,1,",",3,C,F,K,_,2,",",3,C,F,K,_,3,",",3,C,F,K,_,4,",",3,C,F,K,_,5,",",3,C,F,K,_,6,",",3,C,F,K,_,7,",",3,C,F,K,_,8,:,1,Y,0,L,_,1,",",1,Y,0,L,_,2,",",1,Y,0,L,_,3,",",1,Y,0,L,_,4
3,C,V,I,_,1,:,3,C,V,H,_,1,",",3,C,V,H,_,2
3,D,6,9,_,1,",",3,D,6,9,_,2,:,1,N,L,0,_,1
3,E,O,9,_,1,:,3,E,O,A,_,1,",",3,E,O,A,_,2,",",3,E,O,B,_,1,",",3,E,O,B,_,2
3,E,Y,O,_,1,:,3,E,Y,F,_,1,",",3,E,Y,F,_,2
3,E,Y,V,_,2,:,1,S,3,K,_,1,",",3,E,Y,V,_,1
1,N,G,Y,_,1,:,1,N,G,W,_,1,",",1,N,G,W,_,2,",",3,F,C,T,_,1,",",3,F,C,T,_,2
3,G,6,A,_,1,",",3,G,6,A,_,2,:,3,G,6,D,_,1
3,G,J,E,_,1,",",3,G,J,E,_,2,:,3,G,J,F,_,1,",",3,G,J,F,_,2
1,M,Q,K,_,1,:,1,A,R,1,_,1,",",1,Q,L,E,_,1,",",3,E,H,B,_,1,",",3,H,B,3,_,1
1,U,6,A,_,1,:,3,H,I,1,_,1,",",3,H,I,1,_,2
3,H,I,5,_,1,:,3,H,I,6,_,1,",",3,H,I,6,_,2
3,H,M,W,_,1,:,3,H,M,X,_,1
1,M,I,M,_,1,:,3,I,U,3,_,1,",",3,I,U,3,_,2,",",3,I,U,3,_,3
3,I,Y,6,_,1,:,3,J,C,X,_,1
3,N,9,G,_,1,:,3,I,Y,W,_,1,",",3,I,Y,W,_,2
3,J,3,O,_,1,",",3,J,3,P,_,1,:,1,F,P,T,_,1
1,2,E,8,_,1,",",1,2,E,8,_,2,:,3,J,A,B,_,1,",",3,J,A,B,_,2
3,L,1,O,_,1,:,2,V,1,7,_,1
3,L,7,E,_,1,",",3,L,7,E,_,2,:,3,L,5,W,_,1,",",3,L,5,W,_,2
3,L,7,F,_,1,",",3,L,7,F,_,2,",",3,L,7,F,_,3,:,3,L,5,X,_,1
3,L,M,J,_,1,:,3,L,Q,A,_,1
3,L,S,5,_,1,:,3,L,S,4,_,1
3,M,J,8,_,1,",",3,M,J,8,_,2,:,3,M,J,9,_,1
3,M,N,V,_,1,",",3,M,N,V,_,2,",",3,M,O,1,_,1,:,3,M,N,Z,_,1
3,M,U,G,_,1,",",3,M,U,G,_,3,",",3,M,U,G,_,4,",",3,M,U,G,_,5,",",3,M,U,G,_,6,:,3,M,U,G,_,2
3,M,X,V,_,1,:,3,M,X,W,_,1
3,N,F,S,_,1,:,3,N,F,P,_,1,",",3,N,F,P,_,2
3,N,Z,8,_,1,:,3,N,Z,8,_,2
3,O,6,K,_,1,:,3,O,6,L,_,1,",",3,O,6,M,_,1
3,O,K,M,_,1,:,3,O,K,D,_,1,",",3,O,K,E,_,1,",",3,O,K,K,_,1,",",3,O,K,L,_,1,",",3,O,K,N,_,1,",",3,O,K,O,_,1
3,P,0,V,_,1,",",3,P,0,V,_,2,:,3,P,0,Y,_,1,",",3,P,1,1,_,1
3,P,P,3,_,1,",",3,P,P,3,_,2,:,3,P,P,4,_,1
3,Q,E,H,_,1,",",3,Q,E,H,_,2,",",3,Q,E,H,_,3,:,3,Q,E,H,_,4
3,M,8,O,_,1,",",3,Q,N,X,_,1,",",3,Q,N,Y,_,1,",",3,Q,N,Y,_,2,:,3,Q,G,6,_,1,",",3,Q,G,6,_,2,",",3,Q,G,7,_,1,",",3,Q,O,0,_,1,",",3,Q,O,1,_,1
3,M,8,O,_,1,",",3,Q,N,X,_,1,",",3,Q,N,Y,_,1,",",3,Q,N,Y,_,2,:,3,Q,O,0,_,1,",",3,Q,O,1,_,1
3,Q,P,Q,_,1,:,3,Q,P,Q,_,2,",",3,Q,P,Q,_,3,",",3,Q,P,Q,_,4,",",3,U,L,U,_,3,",",3,U,L,V,_,3
3,R,0,6,_,1,",",3,R,0,6,_,2,",",3,R,0,6,_,3,",",3,R,0,6,_,4,:,3,R,0,8,_,1
3,R,V,T,_,1,",",3,R,V,U,_,1,:,3,R,V,V,_,1,",",3,R,V,W,_,1,",",3,R,V,X,_,1
3,S,3,4,_,1,:,3,S,3,6,_,1,",",3,S,3,7,_,1
3,S,G,D,_,1,",",3,S,G,D,_,2,:,3,S,G,E,_,1,",",3,S,G,E,_,2
3,T,N,N,_,2,",",3,T,N,N,_,3,",",3,T,N,N,_,4,:,3,T,N,N,_,1,",",4,H,8,W,_,1
3,T,N,N,_,2,",",3,T,N,N,_,3,",",3,T,N,N,_,4,:,3,T,N,N,_,1,",",4,H,8,W,_,1
3,U,9,U,_,1,:,3,T,V,3,_,1,",",3,T,Y,G,_,1,",",5,A,C,O,_,1,",",5,A,C,O,_,2,",",5,A,C,O,_,3,",",5,C,7,K,_,1,",",5,J,S,9,_,1,",",5,J,S,A,_,1,",",3,U,7,W,_,1,",",3,U,7,Y,_,1,",",3,U,9,U,_,2
3,U,L,S,_,1,",",3,U,L,S,_,2,:,3,N,A,9,_,1,",",3,U,L,U,_,1,",",3,U,L,V,_,1,",",3,U,L,U,_,2,",",3,U,L,V,_,2
3,Q,P,Q,_,1,:,3,Q,P,Q,_,2,",",3,Q,P,Q,_,3,",",3,Q,P,Q,_,4,",",3,U,L,U,_,3,",",3,U,L,V,_,3
3,V,0,V,_,1,",",3,V,0,V,_,2,:,3,V,0,W,_,1
3,V,6,F,_,1,",",3,V,6,F,_,2,",",3,V,6,F,_,3,",",3,V,6,F,_,4,:,3,V,6,Z,_,1,",",3,V,6,Z,_,2
3,V,G,0,_,1,:,3,V,6,O,_,1,",",3,V,6,O,_,2
3,W,9,D,_,1,",",3,W,9,D,_,2,:,3,W,9,E,_,1
3,W,E,6,_,1,:,3,W,F,H,_,1,",",3,W,H,X,_,1,",",3,W,I,F,_,1
3,W,I,I,_,1,",",3,W,I,I,_,2,:,3,W,I,H,_,1,",",3,W,I,H,_,2
3,X,3,G,_,1,:,3,X,3,F,_,1
4,3,C,9,_,1,",",4,3,C,9,_,2,",",4,3,C,9,_,3,",",4,3,C,9,_,4,:,4,3,C,A,_,1,",",4,3,C,A,_,2,",",4,3,C,A,_,3,",",4,3,C,A,_,4
4,C,K,D,_,1,",",4,C,K,D,_,2,",",4,C,K,D,_,3,",",4,C,K,D,_,4,:,3,A,6,B,_,1
4,D,N,3,_,1,:,4,D,N,4,_,1
1,R,Z,7,_,1,:,3,J,W,D,_,1,",",3,J,W,D,_,2,",",3,J,W,O,_,1,",",4,D,V,R,_,1
4,D,V,B,_,1,",",4,D,V,B,_,2,:,4,D,W,2,_,1
4,F,N,L,_,2,:,4,E,B,Q,_,1,",",4,E,T,Q,_,1,",",4,E,T,Q,_,2,",",4,F,3,3,_,1,",",4,F,3,3,_,2,",",4,F,3,3,_,3,",",4,F,3,3,_,4,",",4,F,3,F,_,1,",",4,F,N,L,_,1,",",4,F,P,8,_,1,",",4,F,P,8,_,2,",",4,F,P,8,_,3,",",4,F,P,8,_,4,",",4,F,Q,R,_,1,",",4,F,Q,R,_,1,0,",",4,F,Q,R,_,1,1,",",4,F,Q,R,_,1,2,",",4,F,Q,R,_,2,",",4,F,Q,R,_,3,",",4,F,Q,R,_,4,",",4,F,Q,R,_,5,",",4,F,Q,R,_,6,",",4,F,Q,R,_,7,",",4,F,Q,R,_,8,",",4,F,Q,R,_,9
4,F,N,L,_,2,:,4,F,N,L,_,1,",",4,F,P,8,_,1,",",4,F,P,8,_,2,",",4,F,P,8,_,3,",",4,F,P,8,_,4,",",4,F,Q,R,_,1,",",4,F,Q,R,_,1,0,",",4,F,Q,R,_,1,1,",",4,F,Q,R,_,1,2,",",4,F,Q,R,_,2,",",4,F,Q,R,_,3,",",4,F,Q,R,_,4,",",4,F,Q,R,_,5,",",4,F,Q,R,_,6,",",4,F,Q,R,_,7,",",4,F,Q,R,_,8,",",4,F,Q,R,_,9
4,F,Q,H,_,1,",",4,F,Q,H,_,2,",",4,N,Z,T,_,1,:,4,F,Q,I,_,1,",",4,F,Q,V,_,1,",",4,F,Q,V,_,2,",",4,F,Q,V,_,3,",",5,C,J,Q,_,1,",",5,C,J,S,_,1,",",5,C,J,S,_,2
4,G,5,Z,_,1,:,4,G,6,J,_,1
4,G,6,K,_,1,:,4,G,6,M,_,1
4,G,A,Y,_,1,:,4,G,A,G,_,1
4,G,M,T,_,1,",",4,G,M,T,_,2,:,4,G,M,S,_,1,",",4,G,M,S,_,3
4,G,X,V,_,1,",",4,G,X,V,_,2,:,4,G,X,U,_,1,",",4,G,X,U,_,2,",",4,G,X,U,_,3,",",4,G,X,U,_,4,",",4,G,X,U,_,5,",",4,G,X,U,_,6
4,H,H,9,_,1,",",4,H,H,9,_,2,:,4,H,H,A,_,1
4,H,I,E,_,1,:,4,H,I,H,_,2,",",4,H,I,I,_,1,",",4,H,I,J,_,1,",",4,H,I,J,_,2
4,I,M,K,_,2,:,4,H,W,B,_,1,",",4,H,W,E,_,1,",",4,I,M,K,_,1
4,J,D,V,_,2,:,4,J,A,M,_,1,",",4,J,A,N,_,1,",",4,J,A,N,_,2,",",4,J,D,V,_,1
4,J,F,Y,_,1,",",4,J,F,Y,_,2,:,4,J,F,X,_,1
4,J,H,A,_,1,:,4,J,H,W,_,1
4,J,M,4,_,1,",",4,N,Z,R,_,1,:,4,J,M,2,_,2
4,F,Q,1,_,1,",",4,F,Q,C,_,1,:,4,J,O,3,_,1,",",4,J,O,3,_,2,",",4,J,O,4,_,1,",",4,J,O,4,_,2,",",4,J,Y,4,_,1
4,K,2,3,_,1,:,4,K,2,4,_,1
4,L,K,C,_,1,:,4,K,8,R,_,2
4,X,B,P,_,1,",",4,X,B,P,_,2,",",4,X,B,P,_,3,",",4,X,B,P,_,4,",",4,X,C,C,_,1,",",4,X,C,E,_,2,",",4,X,C,E,_,3,",",4,X,C,N,_,4,",",5,C,I,P,_,1,",",5,C,I,P,_,2,:,3,E,O,0,_,1,",",3,E,O,0,_,2,",",3,E,O,1,_,1,",",3,E,O,1,_,2,",",3,E,O,1,_,3,",",3,E,O,1,_,4,",",4,K,V,5,_,1,",",4,K,V,5,_,2,",",4,K,V,5,_,3,",",4,K,V,5,_,4,",",4,K,X,Z,_,1,",",4,K,X,Z,_,2,",",4,K,X,Z,_,3,",",4,K,X,Z,_,4,",",1,T,Z,G,_,1,",",1,T,Z,G,_,2,",",2,F,X,7,_,1,",",2,F,X,8,_,1,",",2,F,X,8,_,2,",",2,F,X,8,_,3,",",2,F,X,8,_,4,",",2,F,X,9,_,1,",",2,F,X,9,_,2,",",4,L,L,V,_,1,",",4,N,G,H,_,1,",",4,N,H,C,_,1,",",4,W,Y,7,_,1,",",4,X,B,G,_,1,",",4,X,B,G,_,2,",",4,X,C,1,_,1,",",4,X,C,3,_,1,",",4,X,C,N,_,1,",",4,X,C,N,_,2,",",4,X,C,Y,_,1,",",4,X,C,Y,_,2
4,M,6,M,_,1,",",4,M,6,N,_,1,:,4,M,5,Y,_,1,",",4,M,5,Y,_,2,",",4,M,5,Z,_,1
4,M,7,K,_,1,:,4,M,7,L,_,1
4,M,9,3,_,1,",",4,M,9,3,_,2,",",4,M,A,1,_,3,:,4,M,7,J,_,1,",",4,M,7,Z,_,1,",",4,M,7,Z,_,2,",",4,M,A,1,_,1,",",4,M,A,1,_,2
4,M,A,3,_,1,",",4,M,A,3,_,2,:,4,O,4,Y,_,1
4,N,M,4,_,1,",",4,N,M,4,_,2,:,4,N,M,8,_,1,",",4,N,M,8,_,2,",",4,N,M,8,_,3
4,O,5,L,_,1,:,4,O,5,8,_,1,",",4,O,5,I,_,1,",",4,O,5,I,_,2,",",4,O,5,I,_,3,",",4,O,5,I,_,4,",",4,O,5,I,_,5,",",4,O,5,I,_,6
4,O,D,W,_,1,",",4,O,D,W,_,2,:,4,O,D,V,_,1
4,O,U,U,_,1,",",4,O,U,U,_,2,:,4,P,3,C,_,1,",",4,P,3,D,_,1,",",4,P,3,D,_,2,",",4,Q,X,U,_,1
4,P,O,Z,_,1,:,4,P,P,2,_,1,",",4,P,P,2,_,2
4,P,T,T,_,1,:,4,P,T,U,_,1
4,P,Y,7,_,1,",",4,P,Y,7,_,2,:,4,P,Y,8,_,1
4,Q,T,H,_,1,",",4,Q,T,H,_,2,:,4,Q,T,I,_,1
4,L,C,I,_,1,",",4,R,0,L,_,2,:,4,R,0,L,_,1
4,R,2,6,_,1,:,4,R,2,G,_,1,",",4,R,2,G,_,2,",",4,R,2,G,_,3,",",4,R,2,G,_,4,",",5,T,3,S,_,1
4,R,4,B,_,1,",",4,R,4,B,_,2,:,4,R,4,F,_,1,",",4,R,4,H,_,1
4,R,F,E,_,1,",",4,R,F,E,_,2,",",4,R,F,E,_,3,:,4,R,9,7,_,1,",",4,R,9,Y,_,1,",",4,R,9,Y,_,2,",",4,R,F,E,_,4,",",4,R,F,N,_,1,",",4,R,F,N,_,2,",",5,F,C,U,_,1
4,R,F,E,_,1,",",4,R,F,E,_,2,",",4,R,F,E,_,3,:,4,R,F,E,_,4,",",4,R,F,N,_,1,",",4,R,F,N,_,2,",",5,F,C,U,_,1
4,R,I,R,_,1,",",4,R,I,R,_,2,:,4,R,I,S,_,1
4,T,R,P,_,1,:,4,T,P,R,_,1,",",4,T,Q,E,_,1,",",4,T,U,J,_,1,",",4,T,U,K,_,1,",",4,T,U,L,_,1,",",4,T,U,O,_,1,",",4,T,U,O,_,2
4,T,R,P,_,1,:,4,T,U,J,_,1,",",4,T,U,K,_,1,",",4,T,U,L,_,1,",",4,T,U,O,_,1,",",4,T,U,O,_,2
4,T,R,P,_,1,:,4,T,U,J,_,1,",",4,T,U,K,_,1,",",4,T,U,L,_,1,",",4,T,U,O,_,1,",",4,T,U,O,_,2
4,U,I,K,_,1,:,4,U,I,L,_,1
4,U,I,M,_,1,",",4,U,I,M,_,2,",",4,U,I,M,_,3,",",4,U,I,M,_,4,:,4,U,I,N,_,1
4,X,B,G,_,3,",",4,X,B,G,_,6,",",4,X,C,Y,_,3,:,4,X,B,E,_,1,",",4,X,C,F,_,1
4,X,C,N,_,3,:,3,L,H,2,_,2,",",4,X,A,W,_,1
4,X,B,G,_,4,:,4,X,C,Y,_,5
4,X,M,L,_,1,:,4,X,M,K,_,1,",",4,X,M,K,_,2,",",4,X,M,K,_,3
4,X,P,B,_,1,",",4,X,P,T,_,1,:,4,M,4,8,_,1,",",4,X,N,U,_,1,",",4,X,N,X,_,1,",",4,X,P,1,_,1,",",4,X,P,4,_,1,",",4,X,P,5,_,1,",",4,X,P,6,_,1,",",4,X,P,9,_,1,",",4,X,P,A,_,1,",",4,X,P,F,_,1,",",4,X,P,G,_,1,",",4,X,P,H,_,1
3,T,N,M,_,1,:,4,Y,C,2,_,1
4,Y,G,V,_,1,",",4,Y,G,V,_,2,:,4,Y,H,I,_,1,",",4,Y,H,I,_,2,",",4,Y,H,K,_,1
4,Y,H,L,_,1,:,4,Y,H,M,_,1
4,Y,H,P,_,1,",",4,Y,H,P,_,2,",",4,Y,H,Y,_,1,",",4,Y,H,Y,_,2,:,4,Y,H,P,_,3,",",4,Y,H,P,_,4
4,Y,N,Y,_,1,",",4,Y,N,Y,_,2,:,4,Y,O,0,_,1,",",4,Y,O,0,_,2
5,A,1,6,_,1,",",5,A,1,6,_,2,",",5,A,1,6,_,3,",",5,A,1,6,_,4,:,4,Y,Z,F,_,1,",",4,Y,Z,F,_,2,",",4,Y,Z,F,_,3,",",4,Y,Z,F,_,4
4,O,D,U,_,1,",",4,O,D,U,_,2,",",4,Z,9,5,_,1,:,4,O,D,T,_,1,",",4,Z,8,F,_,1
4,Z,T,P,_,1,:,4,Z,T,O,_,1,",",4,Z,T,O,_,2
4,Z,Y,K,_,2,:,4,Z,Y,P,_,1,",",4,Z,Y,P,_,3,",",4,Z,Y,P,_,4
5,A,N,M,_,1,:,5,A,N,M,_,3
5,B,V,J,_,1,",",5,B,V,J,_,2,",",5,B,V,J,_,3,",",5,B,V,J,_,4,:,5,B,V,P,_,1
5,D,7,S,_,1,:,5,C,7,X,_,1
5,C,D,3,_,1,",",5,C,D,3,_,2,",",5,C,D,3,_,3,",",5,C,D,3,_,4,:,5,C,D,5,_,1
4,X,B,P,_,1,",",4,X,B,P,_,2,",",4,X,B,P,_,3,",",4,X,B,P,_,4,",",4,X,C,C,_,1,",",4,X,C,E,_,2,",",4,X,C,E,_,3,",",4,X,C,N,_,4,",",5,C,I,P,_,1,",",5,C,I,P,_,2,:,1,T,Z,G,_,1,",",1,T,Z,G,_,2,",",2,F,X,7,_,1,",",2,F,X,8,_,1,",",2,F,X,8,_,2,",",2,F,X,8,_,3,",",2,F,X,8,_,4,",",2,F,X,9,_,1,",",2,F,X,9,_,2,",",4,L,L,V,_,1,",",4,N,G,H,_,1,",",4,N,H,C,_,1,",",4,W,Y,7,_,1,",",4,X,B,G,_,1,",",4,X,B,G,_,2,",",4,X,C,1,_,1,",",4,X,C,3,_,1,",",4,X,C,N,_,1,",",4,X,C,N,_,2,",",4,X,C,Y,_,1,",",4,X,C,Y,_,2
5,D,K,3,_,1,",",5,D,K,3,_,2,:,5,B,8,C,_,2,",",5,B,8,C,_,3,",",5,B,8,C,_,4,",",5,G,G,S,_,1,",",5,G,G,S,_,2,",",5,J,X,E,_,1,",",5,J,X,E,_,2
4,O,D,S,_,1,:,5,D,Q,9,_,1,",",5,D,Q,9,_,2,",",5,D,Q,9,_,3
5,D,Q,J,_,1,",",5,D,Q,J,_,2,:,5,D,Q,D,_,1
5,D,R,N,_,2,:,5,D,R,N,_,1
5,E,2,T,_,1,:,5,E,2,V,_,1,",",5,E,2,W,_,1
5,E,S,A,_,1,:,5,E,R,W,_,1
3,T,C,L,_,1,",",3,T,C,L,_,2,:,5,E,S,Z,_,1
5,E,Z,I,_,1,",",5,E,Z,J,_,1,",",5,E,Z,L,_,1,",",5,E,Z,L,_,2,:,5,E,Z,O,_,1
5,F,6,H,_,1,",",5,F,6,H,_,2,",",5,F,6,H,_,3,",",5,F,6,H,_,4,:,5,F,6,J,_,1,",",5,F,6,J,_,2
5,F,7,E,_,1,:,5,F,E,C,_,2
5,F,H,A,_,1,:,5,F,H,C,_,1
5,F,H,B,_,1,:,5,F,H,C,_,2
4,N,U,G,_,1,:,5,F,U,U,_,1,",",5,F,U,U,_,2
5,G,G,Q,_,1,:,5,G,G,R,_,1,",",5,G,G,R,_,2
5,H,3,0,_,1,",",5,H,3,0,_,2,",",5,H,3,0,_,3,",",5,H,3,2,_,1,",",5,H,3,2,_,2,",",5,H,3,2,_,3,:,4,U,T,9,_,1,",",4,U,T,9,_,2,",",4,U,T,9,_,3,",",4,U,T,9,_,4,",",5,H,3,7,_,1,",",5,H,3,7,_,2,",",5,H,3,7,_,3
3,I,N,U,_,1,",",3,I,N,U,_,2,:,5,H,J,3,_,1,",",5,H,J,3,_,2,",",5,H,J,3,_,3,",",5,H,J,3,_,4
2,X,A,8,_,1,",",4,X,7,S,_,1,",",4,X,7,T,_,1,",",4,X,7,T,_,2,",",5,H,Y,S,_,1,",",5,H,Y,S,_,2,:,5,H,Y,S,_,3,",",5,H,Y,S,_,4
5,I,1,6,_,2,:,5,I,1,6,_,1
5,I,8,E,_,1,",",5,I,8,E,_,2,:,5,I,8,C,_,1,",",5,I,8,H,_,2,",",5,I,8,H,_,4
5,I,K,3,_,2,:,5,I,J,K,_,1,",",5,I,J,K,_,2
5,I,T,B,_,1,:,5,J,3,D,_,1,",",5,J,3,D,_,2,",",5,J,3,D,_,3
5,J,N,Y,_,1,",",5,J,N,Y,_,2,:,4,G,6,F,_,1,",",4,G,6,F,_,2,",",4,U,6,G,_,1,",",4,U,6,G,_,2,",",5,G,H,W,_,1,",",5,T,6,L,_,1,",",5,T,6,L,_,2,",",5,T,8,0,_,1,",",5,T,8,5,_,1
5,J,O,R,_,4,:,5,J,O,P,_,1,",",5,J,O,P,_,2,",",5,J,O,R,_,1,",",5,J,O,R,_,2,",",5,J,O,R,_,3
5,J,W,5,_,1,:,5,J,W,3,_,1,",",5,J,W,4,_,1,",",5,J,W,4,_,2,",",5,J,W,4,_,3,",",5,J,W,4,_,4,",",5,J,W,4,_,5,",",5,J,W,4,_,6
5,K,9,J,_,1,:,5,K,9,K,_,1,",",5,K,9,K,_,2
5,M,H,S,_,1,",",5,M,H,S,_,2,:,5,L,7,X,_,1,",",5,L,8,8,_,1,",",5,L,9,D,_,1,",",5,L,G,H,_,1,",",5,M,H,S,_,3
5,I,I,E,_,1,",",5,T,4,Z,_,2,:,5,T,4,Z,_,1
5,T,L,J,_,2,:,5,T,L,J,_,4,",",5,T,L,K,_,3,",",5,T,L,K,_,4
5,T,L,J,_,1,:,5,T,L,J,_,3
4,W,U,K,_,1,:,5,U,G,Y,_,1,",",5,U,G,Y,_,2,",",5,U,G,Y,_,3
5,W,T,G,_,1,",",5,W,T,G,_,2,:,5,W,T,H,_,1
